repository	createdAt	name	description	language	category	articles	authors	readers	likes	hates	pass	daily_voting
ZelaCreator/zela_planet	2025-12-03T03:49:15.852Z	泽拉星球	这是一个在数万年前就已经毁灭的类地行星，曾经有三种智慧生物在那里繁衍生息，让我们一起来重新创建这颗星球的历史和文明。	zh-CN	外星	1	1					
ZelaCreator/zela_planet1	2025-12-06T02:49:20.643Z	泽拉星球1	外星故事。	zh-CN	外星	1	1	0	0	0	0	0
ZelaCreator/zela_planet2	2025-12-06T03:22:20.070Z	泽拉星球2	无限公司	zh-CN	外星	1	1	0	0	0	0	0
ZelaCreator/zela_planet3	2025-12-06T03:52:38.195Z	泽拉星球3	无限公司	zh-CN	外星	1	1	0	0	0	0	0
ZelaCreator/zela_planet4	2025-12-06T03:54:52.107Z	泽拉星球4	呜呜呜呜	zh-CN	外星	1	1	0	0	0	0	0
